17089,11,12,13,16,23,25,12,750483542,2,10000000,69,328347,314842050,2017-08-01
17088,07,09,18,22,23,29,06,702515540,10,6725767,406,53133,346380162,2017-07-30
17087,03,06,13,14,19,28,06,705056937,13,5785674,105,121592,316090948,2017-07-27
17086,03,05,06,13,20,22,07,741969095,5,7211165,73,189312,313250840,2017-07-25
17085,01,05,06,16,25,30,09,736565578,7,6315240,148,77759,340676888,2017-07-23
17084,01,05,11,20,22,24,02,746247204,9,7021235,98,232029,314750766,2017-07-20
17083,03,08,14,20,24,26,12,741221637,13,6005980,161,101535,305712986,2017-07-18
17082,14,18,21,25,28,29,10,770257854,9,6764976,120,165466,340327376,2017-07-16
17081,03,05,14,25,26,30,05,771574680,4,7764217,134,103142,311169340,2017-07-13
17080,01,12,16,20,22,24,08,761168290,10,6418690,103,172171,309113400,2017-07-11
17079,03,07,14,23,25,27,08,772154315,5,7420610,107,141390,338568770,2017-07-09
17078,05,07,18,19,22,24,16,763870919,7,7387529,160,130568,308678006,2017-07-06
17077,01,02,04,15,17,22,14,752910976,4,9715359,93,253513,310153396,2017-07-04
17076,01,04,08,09,14,15,13,721042021,7,7321488,115,176634,346391726,2017-07-02
17075,01,03,06,19,21,29,07,711353370,7,6363935,90,132604,320592160,2017-06-29
17074,02,06,16,23,30,31,02,720097616,16,6194147,548,43582,312167868,2017-06-27
17073,03,06,16,23,26,30,14,747555120,9,7099806,173,136548,347269730,2017-06-25
17072,06,11,14,23,26,30,02,740584900,11,6667226,94,243876,321195342,2017-06-22
17071,02,03,06,14,31,32,03,745151312,4,10000000,51,494080,322489468,2017-06-20
17070,01,06,14,22,25,26,12,709557056,4,9143511,92,225190,357559628,2017-06-18
17069,02,11,12,23,29,31,05,683978436,3,10000000,98,198460,326172358,2017-06-15
17068,02,06,10,22,30,31,15,655631053,7,8099564,102,265894,320912348,2017-06-13
17067,01,03,04,10,18,29,04,630964440,10,7036216,131,194295,356270498,2017-06-11
17066,01,04,06,17,19,26,03,624968496,8,7075823,103,201536,329821920,2017-06-08
17065,02,05,08,10,12,21,07,619300374,14,5907122,181,87705,320800086,2017-06-06
17064,02,10,16,22,24,28,15,654376180,5,9001480,158,158286,351655222,2017-06-04
17063,12,16,20,22,25,31,04,624355820,4,10000000,246,102608,307572084,2017-06-01
17062,01,07,22,24,26,31,10,588631018,2,10000000,50,413968,292747704,2017-05-30
17061,06,07,12,20,26,27,11,546535704,22,5719289,236,83815,327891234,2017-05-28
17060,05,10,13,24,26,31,04,613018696,4,9226054,113,186993,320553910,2017-05-25
17059,04,08,09,15,19,25,09,586532102,26,5191242,222,27997,306145516,2017-05-23
17058,01,09,13,22,28,32,11,702858272,8,7035961,111,183419,338794650,2017-05-21
17057,18,20,22,23,30,31,16,698067117,9,6821373,71,288597,314697362,2017-05-18
17056,13,14,18,19,21,28,06,697988120,8,7367832,184,128686,317424132,2017-05-16
17055,07,12,13,20,24,31,05,685895820,20,5718169,109,164717,342200872,2017-05-14
17054,02,03,09,23,28,33,08,746396522,2,10000000,73,227292,315730948,2017-05-11
17053,04,09,11,15,29,31,06,716619576,6,7534369,77,246854,316559816,2017-05-09
17052,07,08,18,24,29,31,07,704802480,5,8409592,182,117087,346847224,2017-05-07
17051,02,05,09,15,24,25,11,682920580,10,6175841,194,75762,315667040,2017-05-04
17050,10,12,20,24,27,29,07,700584945,5,8309640,64,323207,308163776,2017-05-02
17049,01,08,14,15,20,29,10,680077398,7,7636512,113,204154,326777700,2017-04-30
17048,05,08,09,14,15,19,07,664324529,11,5831308,107,106827,317465116,2017-04-27
17047,02,05,08,10,32,33,02,694177440,6,7801881,181,116100,313845556,2017-04-25
17046,04,13,14,23,26,32,10,677946402,6,7608231,95,205912,348845228,2017-04-23
17045,05,07,16,20,21,25,05,664910592,4,9399507,99,222197,320562564,2017-04-20
17044,08,16,19,21,31,32,06,636516015,15,6015002,81,234954,318935018,2017-04-18
17043,08,13,16,23,27,31,08,669647148,4,8333883,170,98055,348879160,2017-04-16
17042,01,02,04,07,10,23,04,652974432,8,7650480,69,384127,326995938,2017-04-13
17041,04,10,13,15,22,27,04,634663869,21,5832574,114,191711,322450520,2017-04-11
17040,15,19,23,28,29,33,04,691582671,13,5740931,82,146830,359413424,2017-04-09
17039,02,04,12,14,17,24,15,730094377,1,10000000,109,255711,330405710,2017-04-06
17038,01,04,08,13,24,27,05,656476865,5,8797176,191,124253,310673636,2017-04-04
17037,11,15,20,22,25,30,05,629265693,7,7634270,102,225979,346434206,2017-04-02
17036,01,02,05,10,24,27,15,613555992,4,10000000,134,212654,340257990,2017-03-30
17035,01,06,14,24,28,32,12,568068720,16,5671583,164,81900,342022594,2017-03-28
17034,04,07,08,19,32,33,13,618519064,8,7191847,146,150126,373962682,2017-03-26
17033,05,07,15,20,23,30,15,610298424,12,6829933,205,133897,346477046,2017-03-23
17032,05,08,15,24,27,31,11,609910623,63,5000000,284,6000,346410188,2017-03-21
17031,06,10,16,26,27,29,03,924910650,30,5458217,344,49951,377406752,2017-03-19
17030,01,07,09,20,23,30,02,1037107695,5,9250716,81,327987,350487064,2017-03-16
17029,02,15,21,23,25,30,10,1003660344,4,9172154,53,393599,343011048,2017-03-14
17028,07,08,12,13,22,30,09,977766651,9,6700085,152,125828,377657484,2017-03-12
17027,02,04,11,14,27,30,05,980689536,3,9954368,76,244458,344767540,2017-03-09
17026,03,10,12,19,27,30,08,954816000,30,5346265,385,33727,338217710,2017-03-07
17025,02,15,16,17,22,32,07,1076249141,11,6246929,176,97416,372684176,2017-03-05
17024,09,21,25,26,29,31,13,1093529538,6,8107050,120,194190,342020216,2017-03-02
17023,01,03,04,11,18,22,14,1072263213,3,10000000,108,223769,337872226,2017-02-28
17022,02,06,15,16,18,32,15,1029761908,4,10000000,63,452069,370988738,2017-02-26
17021,02,05,10,22,32,33,09,984320688,16,6097279,115,190831,329896520,2017-02-23
17020,04,08,10,12,31,33,10,1016040400,4,8928802,87,225793,321450250,2017-02-21
17019,04,06,08,12,23,25,08,992823572,4,8296217,111,148478,362828374,2017-02-19
17018,01,02,03,17,25,31,09,976565180,5,7041328,91,140201,332385048,2017-02-16
17017,03,07,08,10,22,23,12,973496920,5,7986377,120,155540,329086094,2017-02-14
17016,05,08,16,22,27,29,02,957434232,12,6237727,222,83630,349767606,2017-02-12
17015,01,08,09,14,17,32,01,976589244,4,9713530,101,233343,314977594,2017-02-09
17014,06,08,18,20,23,31,13,944740410,5,8280828,144,142397,307538720,2017-02-07
17013,08,11,28,29,31,33,06,924629020,10,6997500,99,252209,377878424,2017-02-05
17012,10,11,14,15,16,24,07,919697751,9,7016617,80,283586,329120186,2017-01-26
17011,10,11,12,23,26,29,16,914786466,11,6835064,229,110184,318019266,2017-01-24
17010,05,08,19,25,28,30,07,914275770,30,5251359,231,40805,350388682,2017-01-22
17009,02,06,08,09,15,29,14,1043538642,9,6976497,145,153348,318286702,2017-01-19
17008,07,13,15,27,28,29,13,1039620330,10,6455001,165,110227,318368112,2017-01-17
17007,02,04,05,24,26,33,15,1049607797,7,8376630,62,476540,358098002,2017-01-15
17006,02,04,08,26,29,33,08,1019607668,4,6946576,70,139041,327823184,2017-01-12
17005,06,11,12,22,23,30,05,1018195332,14,6083962,204,92986,328457210,2017-01-10
17004,05,13,17,26,27,30,07,1046462778,18,5946813,294,72460,361243290,2017-01-08
17003,01,04,08,15,27,32,16,1089595542,3,10000000,80,305874,328263696,2017-01-05
17002,15,19,23,24,25,32,03,1046185700,4,10000000,67,391374,333473696,2017-01-03
17001,09,11,14,20,25,26,15,1007519355,9,7522351,184,154219,376155592,2017-01-01
16153,07,09,16,24,25,29,06,990091165,5,7932287,247,74197,342438226,2016-12-29
16152,02,08,09,16,20,22,07,974772214,17,5986457,247,84867,338973816,2016-12-27
16151,06,11,16,20,22,33,07,1013655324,11,6923271,130,203422,375311070,2016-12-25
16150,02,04,05,09,13,21,05,1010476368,22,5849327,140,166832,350741078,2016-12-22
16149,03,20,23,26,32,33,07,1069092085,5,7413987,77,195940,342258704,2016-12-20
16148,01,02,11,20,26,30,14,1060899760,10,7088635,158,165240,381634232,2016-12-18
16147,04,14,18,28,31,32,12,1053462300,5,8475931,113,192252,341474648,2016-12-15
16146,03,07,15,16,17,23,10,1030668248,8,7329207,133,175128,344859752,2016-12-13
16145,01,03,07,12,19,20,06,1019425688,8,6264341,157,80531,398955964,2016-12-11
16144,04,10,12,27,32,33,05,1031610174,14,6201501,86,244491,372346108,2016-12-08
16143,06,09,23,24,25,33,13,1055352355,5,9007647,143,175159,378923738,2016-12-06
16142,01,10,17,21,23,30,12,1025247212,11,6818174,85,294116,407120242,2016-12-04
16141,04,13,15,17,21,24,15,1025247440,7,8186439,106,263031,371798444,2016-12-01
16140,01,02,05,17,26,32,10,998908480,16,5846950,84,201654,360447386,2016-11-29
16139,01,06,19,26,28,30,03,1041642655,5,9936561,94,328228,395456724,2016-11-27
16138,07,16,20,24,25,30,07,998764932,12,6052114,160,98635,350229764,2016-11-24
16137,01,06,09,10,15,32,14,1024045140,4,9970303,90,276127,339962622,2016-11-22
16136,02,07,10,20,27,29,03,989371808,8,7561764,117,218954,396457052,2016-11-20
16135,02,08,10,18,20,33,12,973012992,24,5536282,172,93537,353219786,2016-11-17
16134,11,12,13,14,18,33,13,1057618368,8,7841027,107,265516,356409344,2016-11-15
16133,15,16,21,22,27,33,15,1035115770,26,5803188,242,107866,397601552,2016-11-13
16132,05,08,13,19,27,28,07,1107687796,37,5063186,358,8163,349399364,2016-11-10
16131,04,10,18,19,25,27,02,1286258608,4,9353816,112,194366,341425796,2016-11-08
16130,03,17,21,23,27,28,01,1258366632,8,7792864,88,317370,389013348,2016-11-06
16129,05,06,08,21,31,33,14,1236923614,2,10000000,107,263616,356293078,2016-11-03
16128,04,09,11,17,26,27,13,1172302677,17,6039764,216,102291,346505806,2016-11-01
16127,07,12,17,26,29,31,16,1208693682,3,10000000,127,219909,377635784,2016-10-30
16126,02,06,12,17,18,19,10,1154908300,4,10000000,182,141981,347402822,2016-10-27
16125,01,06,08,20,27,30,03,1117386530,10,5815990,94,108509,346147358,2016-10-25
16124,09,15,21,24,27,32,10,1144946805,5,8691225,120,192251,370331346,2016-10-23
16123,07,09,12,14,20,27,16,1119192450,3,10000000,191,104821,305299416,2016-10-20
16122,15,22,23,24,28,29,08,1089129612,6,7245796,96,175452,305059324,2016-10-18
16121,02,03,10,23,25,28,09,1082073970,5,8817083,106,225063,340006950,2016-10-16
16120,02,05,06,21,25,28,09,1054589076,6,7457159,139,132580,309329228,2016-10-13
16119,09,19,21,30,31,32,04,1044045944,4,9261565,353,60362,302415052,2016-10-11
16118,09,14,22,23,31,33,14,1017168724,4,10000000,97,293175,338792784,2016-10-09
16117,03,10,14,17,28,33,02,971854560,12,6037315,167,93172,281128494,2016-10-06
16116,07,18,20,23,27,31,13,997623156,6,7593721,52,374094,268669114,2016-10-04
16115,06,08,20,22,26,27,09,984826752,13,6239088,62,324761,307770194,2016-10-02
16114,05,16,20,22,27,29,09,1005529350,21,5225680,103,57515,300350554,2016-09-29
16113,01,11,16,17,20,26,14,1097496306,6,7750731,95,217162,301675518,2016-09-27
16112,06,12,14,15,18,25,12,1082109240,8,6869523,105,178049,339124224,2016-09-25
16111,02,04,07,14,15,32,04,1080979719,3,10000000,68,362286,310894592,2016-09-22
16110,05,07,28,31,32,33,08,1037073225,5,7249839,55,255663,306664040,2016-09-20
16109,09,11,15,16,27,33,05,1031137928,8,6719240,93,184864,339043452,2016-09-18
16108,02,03,07,08,19,26,16,1033314654,6,7828306,174,121909,278530656,2016-09-15
16107,06,11,18,26,27,32,01,1016647606,13,6252404,230,88485,295842288,2016-09-13
16106,04,05,13,22,25,30,04,1036874166,6,8341196,119,210579,329967722,2016-09-11
16105,08,10,19,27,28,31,16,1011744422,13,6419550,153,150769,304435234,2016-09-08
16104,05,09,11,18,30,31,04,1025995488,2,10000000,72,319307,304391928,2016-09-06
16103,01,05,13,19,24,27,11,977024997,13,5957211,116,134092,334526552,2016-09-04
16102,05,08,10,14,17,30,13,1007804693,7,6951119,339,50360,304528374,2016-09-01
16101,01,03,19,24,32,33,01,1005245634,3,10000000,45,555671,303829992,2016-08-30
16100,03,10,22,23,27,29,04,960230040,4,9565716,87,262397,335027586,2016-08-28
16099,01,11,21,23,27,33,06,930007164,4,8811192,111,171675,300016648,2016-08-25
16098,02,08,25,29,31,32,06,908084049,3,9434877,63,263980,296350008,2016-08-23
16097,06,13,25,26,28,31,01,886496310,9,6754677,101,195446,327274678,2016-08-21
16096,06,13,14,21,22,24,16,888068045,5,8412890,110,193914,296887214,2016-08-18
16095,01,05,09,12,18,32,12,866140800,7,7075631,73,248791,297413702,2016-08-16
16094,06,07,10,12,18,31,10,861184896,4,8445845,83,207581,324311584,2016-08-14
16093,06,09,15,17,25,27,09,843280596,18,5501160,131,86077,298416216,2016-08-11
16092,02,13,15,23,24,29,06,908473144,19,5173091,97,42380,299992386,2016-08-09
16091,04,08,14,22,23,28,07,994429110,17,5986530,226,92760,329710234,2016-08-07
16090,02,13,17,20,21,26,07,1033308810,23,5443624,164,77769,294008068,2016-08-04
16089,01,03,14,30,31,32,08,1120249570,10,5749899,48,195286,288232376,2016-08-02
16088,03,14,16,18,25,33,15,1149627355,5,8643396,79,288243,320354148,2016-07-31
16087,02,03,10,11,14,21,12,1124530659,3,10000000,84,223543,288396896,2016-07-28
16086,09,10,11,12,15,32,05,1098197736,6,7936358,62,355204,286788850,2016-07-26
16085,01,12,19,20,21,25,16,1079747823,7,7380661,245,85023,319888112,2016-07-24
16084,02,04,12,18,24,26,05,1068920080,5,7742405,101,169703,288778286,2016-07-21
16083,09,16,17,24,30,31,04,1056212003,7,7237320,99,197743,291921542,2016-07-19
16082,06,12,14,15,17,20,09,1048143580,10,6151036,89,161662,323658370,2016-07-17
16081,02,06,15,25,30,32,07,1066490094,3,9665516,73,239666,288505018,2016-07-14
16080,01,16,17,24,25,32,14,1042999580,4,9610776,88,261975,288372472,2016-07-12
16079,01,03,10,12,24,28,02,1012281038,2,10000000,101,261205,322821956,2016-07-10
16078,02,04,08,23,26,29,02,953135832,6,8017845,65,348212,296681554,2016-07-07
16077,01,09,17,19,20,29,10,933341379,3,8718169,93,149926,294629008,2016-07-05
16076,07,08,13,22,30,32,01,917666478,6,8474321,112,232655,331977974,2016-07-03
16075,01,03,06,16,29,32,07,890340179,0,0,65,267736,295574016,2016-06-30
16074,06,10,11,12,20,25,12,838131500,62,5187134,154,94175,297584738,2016-06-28
16073,09,11,12,15,16,20,13,1116225045,5,7942362,80,229872,327032018,2016-06-26
16072,05,16,19,22,24,25,02,1100767568,2,10000000,79,250250,290670126,2016-06-23
16071,19,21,26,28,29,32,01,1061458288,4,10000000,83,312118,293734448,2016-06-21
16070,03,06,11,18,23,29,01,1023740893,7,7993400,264,99213,326894102,2016-06-19
16069,08,10,11,20,21,27,11,1001117928,6,7393248,168,106841,300232584,2016-06-16
16068,08,19,23,28,31,32,01,991629338,2,10000000,58,374629,295768168,2016-06-14
16067,09,13,18,20,27,31,04,946443820,5,8650159,117,194987,327487486,2016-06-12
16066,03,07,13,18,19,20,05,921254130,10,5930886,207,56212,275334312,2016-06-09
16065,13,16,22,25,26,27,14,945654750,2,10000000,87,249643,298326848,2016-06-07
16064,03,12,14,17,19,26,03,900497807,11,6487602,116,176332,332534594,2016-06-05
16063,16,17,18,23,28,32,07,910497831,0,0,83,179989,304409952,2016-06-02
16062,12,13,15,18,19,21,09,865680358,2,10000000,116,144808,305198008,2016-05-31
16061,05,06,08,18,20,32,08,835286844,21,5446101,127,92206,340147518,2016-05-29
16060,04,05,22,26,29,32,08,914524470,15,5000000,47,6000,320540202,2016-05-26
16059,04,11,12,20,25,28,15,989524476,9,7152757,153,158290,322601954,2016-05-24
16058,03,05,18,20,24,32,11,981243730,2,10000000,130,221092,357296334,2016-05-22
16057,07,12,19,22,23,26,11,915017488,11,6474964,256,79221,325499780,2016-05-19
16056,03,04,08,11,16,18,14,925399830,6,8206646,180,133610,326490562,2016-05-17
16055,05,06,10,16,22,26,11,902490160,11,6427695,232,84615,350383284,2016-05-15
16054,06,11,16,19,28,32,04,914302376,8,7321796,204,113813,324349586,2016-05-12
16053,02,08,10,12,29,31,01,903222855,5,8788619,165,143508,320149454,2016-05-10
16052,01,06,13,19,24,28,16,876129336,12,6940346,218,133510,353216208,2016-05-08
16051,01,02,04,09,15,33,12,872097902,2,10000000,58,392706,324257380,2016-05-05
16050,09,12,24,28,29,30,02,823767052,4,9301768,116,185421,308889140,2016-05-03
16049,06,08,13,14,22,27,10,796447605,15,5991728,172,108109,330279014,2016-05-01
16048,03,08,13,14,15,30,04,830538816,6,8287686,115,214414,329538828,2016-04-28
16047,02,05,08,15,17,22,16,806292000,5,8760984,172,136663,324937604,2016-04-26
16046,07,20,25,26,27,30,14,779578465,0,0,90,306830,364459490,2016-04-24
16045,04,09,12,17,30,32,03,696734182,1,10000000,86,289626,336323174,2016-04-21
16044,01,03,10,12,18,30,01,632010456,6,8428587,147,174927,335979238,2016-04-19
16043,05,14,20,26,30,33,12,605438772,6,7763996,88,235567,364494720,2016-04-17
16042,07,14,17,23,26,31,09,589832826,11,6077332,129,114831,334864386,2016-04-14
16041,12,17,18,21,22,24,04,612243516,3,10000000,98,252093,330501352,2016-04-12
16040,03,13,19,20,23,26,03,568128108,12,6812115,167,162764,365246422,2016-04-10
16039,01,03,07,18,19,27,16,568328305,5,9538029,189,150067,335090614,2016-04-07
16038,03,12,13,22,28,29,03,530930396,4,10000000,182,139400,325081790,2016-04-05
16037,06,15,26,31,32,33,16,494817840,3,10000000,97,293695,350165940,2016-04-03
16036,03,04,07,09,20,22,03,439352386,2,10000000,116,232827,348368584,2016-03-31
16035,04,13,19,20,26,29,11,378328346,11,6488004,187,109412,343407218,2016-03-29
16034,03,15,21,22,23,28,15,388316232,1,10000000,107,316678,380415644,2016-03-27
16033,06,17,18,20,27,29,15,296662312,2,10000000,119,245863,338637474,2016-03-24
16032,08,12,14,15,21,27,15,228889010,5,9626020,154,187744,339342300,2016-03-22
16031,03,08,10,19,26,33,03,190281234,13,6468063,191,124900,385818800,2016-03-20
16030,10,14,19,22,25,29,12,202797966,98,5069845,552,15500,351985986,2016-03-17
16029,12,15,18,20,21,27,15,673974740,5,9326970,99,273167,347727124,2016-03-15
16028,06,08,12,21,25,29,01,639478896,7,8456171,282,107239,370238316,2016-03-13
16027,11,13,15,17,19,31,05,607947604,4,9925874,213,115630,337818690,2016-03-10
16026,04,09,12,28,30,33,01,573762988,0,0,77,331168,329158276,2016-03-08
16025,04,11,12,17,24,30,12,497263041,19,5788878,420,44609,379126514,2016-03-06
16024,02,05,07,14,18,31,13,551044179,9,6751185,157,125483,344808140,2016-03-03
16023,03,06,10,19,25,29,07,552702346,14,6248533,235,92975,337590682,2016-03-01
16022,04,09,19,22,23,30,07,574633808,8,7138951,163,131224,370206784,2016-02-28
16021,09,11,13,22,24,26,05,567576885,5,8805503,172,138281,330776764,2016-02-25
16020,01,02,10,12,22,24,10,540251214,3,10000000,109,221318,317041006,2016-02-23
16019,06,13,16,17,23,30,10,497880207,51,5193713,231,53459,354746834,2016-02-21
16018,12,13,14,17,21,25,04,725711885,5,8773854,81,291192,316712952,2016-02-18
16017,05,06,08,20,22,30,05,698821392,12,6145307,189,90897,293890064,2016-02-16
16016,01,20,22,24,25,26,16,721026255,5,8896964,91,267648,316931514,2016-02-14
16015,01,02,14,22,25,26,07,692442990,5,8614366,87,259652,346224370,2016-02-04
16014,02,08,10,18,20,27,07,667745460,45,5259960,113,129405,321027466,2016-02-02
16013,07,12,21,22,26,31,01,860575404,3,10000000,100,299317,370420948,2016-01-31
16012,07,12,14,16,27,32,15,800780176,2,10000000,87,263012,336562836,2016-01-28
16011,03,08,10,15,22,29,12,752133812,43,5379006,232,87808,332990472,2016-01-26
16010,02,04,12,14,19,25,06,922316332,14,6423339,121,205854,359088730,2016-01-24
16009,10,14,24,25,27,32,04,937517775,3,10000000,71,348717,341116278,2016-01-21
16008,02,15,24,29,32,33,02,893240990,5,8931046,73,336562,355411856,2016-01-19
16007,05,12,14,20,27,29,06,864189106,11,6279407,155,113495,398316866,2016-01-17
16006,13,16,18,20,28,31,12,880487026,2,10000000,93,299879,357519610,2016-01-14
16005,11,14,18,20,31,33,14,816820648,56,5280769,55,357342,347622842,2016-01-12
16004,08,10,17,22,25,33,12,1053582237,9,7069276,299,77857,376467244,2016-01-10
16003,01,10,14,23,26,28,01,1047367656,12,6751087,170,154507,351825302,2016-01-07
16002,09,14,17,20,24,30,16,1049581785,5,8790536,231,102557,343096096,2016-01-05
16001,06,13,16,18,20,22,13,1022461915,5,9582130,154,185963,388445976,2016-01-03
15154,07,09,11,15,18,25,07,984457630,13,6389418,120,188150,364605498,2015-12-31
15153,08,11,15,22,27,29,03,999785925,15,6165149,143,152773,348341018,2015-12-29
15152,11,18,19,21,29,32,12,1026723516,14,6193104,102,204699,392322240,2015-12-27
15151,05,06,08,23,31,32,11,1050789000,5,8865922,74,326513,350309390,2015-12-24
15150,01,03,08,11,29,31,13,1022632570,1,10000000,225,106234,333813118,2015-12-22
15149,09,10,20,21,22,33,09,960924480,40,5301535,340,44343,368458204,2015-12-20
15148,09,13,14,22,26,27,07,1127755566,18,5603016,298,45529,330278892,2015-12-17
15147,08,09,16,23,24,30,05,1187906265,29,5490089,181,63623,331495570,2015-12-15
15146,16,17,21,28,30,32,15,1307571540,3,15000000,73,404824,368273034,2015-12-13
15145,07,08,15,19,20,24,13,1248915010,14,11042866,143,127623,327973844,2015-12-10
15144,01,04,07,15,28,32,16,1278764676,6,13347680,110,228250,330530758,2015-12-08
15143,13,15,19,20,21,32,04,1253527944,6,13732678,75,373267,363104978,2015-12-06
15142,13,17,19,20,22,25,11,1221938746,2,15000000,66,339541,326956020,2015-12-03
15141,03,08,19,25,27,28,02,1174709536,8,11187578,173,68646,329544366,2015-12-01
15140,06,20,28,29,30,31,12,1188582820,5,13972740,131,189539,363959858,2015-11-29
15139,01,10,13,18,25,27,09,1158957645,5,11728461,91,118712,323569236,2015-11-26
15138,01,02,08,16,19,24,11,1160191307,11,11032096,108,131401,317036346,2015-11-24
15137,14,22,23,27,28,31,12,1183970392,2,15000000,74,312975,357991902,2015-11-22
15136,02,05,12,23,28,29,01,1134489732,3,15000000,183,143147,332169672,2015-11-19
15135,01,12,14,18,26,32,07,1085902032,6,12239746,85,197624,323653256,2015-11-17
15134,02,05,14,19,27,31,04,1078946224,4,15000000,198,137589,359304970,2015-11-15
15133,02,03,13,20,22,24,15,1037218347,3,15000000,78,325494,318320120,2015-11-12
15132,03,05,11,28,30,33,01,991052692,7,12829235,72,343830,324697916,2015-11-10
15131,10,12,13,19,22,26,03,971589906,7,12572255,100,225072,352871146,2015-11-08
15130,06,14,15,16,17,22,10,957074000,5,13469588,179,121144,329910968,2015-11-05
15129,05,08,11,16,18,27,04,934367160,2,15000000,122,177273,330274852,2015-11-03
15128,01,03,08,11,22,28,06,889484982,17,6078953,188,121956,353929358,2015-11-01
15127,07,10,19,22,27,33,06,924043914,18,8214795,99,162453,323385694,2015-10-29
15126,10,11,15,20,23,29,12,978661552,11,11422859,290,67463,321292184,2015-10-27
15125,05,13,22,27,30,33,10,990620057,7,7002860,69,253985,342693238,2015-10-25
15124,02,03,05,12,18,27,01,987064991,11,6650569,117,193977,314656346,2015-10-22
15123,05,08,09,12,22,28,07,992135264,8,6960182,263,74531,312976520,2015-10-20
15122,05,07,11,16,22,25,07,989011240,14,5486082,178,47789,340964698,2015-10-18
15121,01,03,20,21,28,29,12,1040297060,4,9842976,69,350940,311696404,2015-10-15
15120,16,21,24,26,27,29,16,1007024322,1,10000000,136,143440,306978816,2015-10-13
15119,02,08,10,18,23,31,08,958500564,6,7323016,112,155559,336177996,2015-10-11
15118,01,04,11,21,23,31,12,950170804,11,6660657,52,439116,302094780,2015-10-08
15117,04,11,12,18,26,32,12,954935922,3,10000000,85,242823,276307776,2015-10-06
15116,04,06,15,23,26,28,11,923015828,7,7393402,153,136877,298345670,2015-10-04
15115,01,07,08,14,24,32,03,911942840,10,5332324,114,36439,275624372,2015-10-01
15114,04,07,09,13,21,26,01,952803917,13,6206821,259,75717,297013542,2015-09-29
15113,01,05,07,08,19,27,12,974660050,7,7964833,177,146566,337101348,2015-09-27
15112,01,03,10,19,20,27,11,952587008,4,8273625,126,129905,306859802,2015-09-24
15111,08,14,16,18,20,30,12,936577124,7,7615667,142,161176,307364620,2015-09-22
15110,05,07,16,17,22,23,04,921225536,11,6534179,189,111613,340689020,2015-09-20
15109,01,08,09,16,32,33,13,929816615,7,7968426,132,196770,317531670,2015-09-17
15108,02,12,19,22,24,27,15,907674399,9,6645746,136,136137,309769258,2015-09-15
15107,07,14,16,18,21,25,08,911942185,7,6913101,96,174371,337547646,2015-09-13
15106,01,03,04,23,31,32,13,910114980,6,7715174,84,242426,305793682,2015-09-10
15105,09,10,16,19,20,26,12,895314612,12,6067588,180,88965,304229202,2015-09-08
15104,09,18,21,23,25,26,01,920084183,0,0,87,317906,332604432,2015-09-06
15103,06,08,13,26,30,32,14,837110700,3,9692574,138,127515,284270680,2015-09-03
15102,07,09,12,14,21,23,06,813396960,5,6521873,107,88894,300065068,2015-09-01
15101,08,16,22,24,28,29,05,817471200,8,6617853,133,121643,333057658,2015-08-30
15100,02,03,11,17,19,21,08,821878422,2,10000000,107,154789,302573068,2015-08-27
15099,06,07,10,11,14,22,09,792191150,5,6792739,91,123127,297598058,2015-08-25
15098,06,09,13,26,27,33,01,792540978,3,10000000,145,187136,329104206,2015-08-23
15097,09,12,14,20,26,27,04,741136594,11,6333323,827,22168,298570222,2015-08-20
15096,06,16,17,23,24,31,07,755803560,10,6195096,100,149387,294260644,2015-08-18
15095,04,15,21,28,30,31,04,772938425,5,8725465,76,306370,325059832,2015-08-16
15094,01,04,06,13,16,17,10,746713280,5,7135415,85,157015,295713760,2015-08-13
15093,01,03,13,21,25,31,08,742351320,4,7438046,97,125672,292493392,2015-08-11
15092,09,15,19,21,26,27,01,735532810,5,9035361,359,70253,318089362,2015-08-09
15091,05,07,17,19,22,31,11,705046588,4,9088608,105,194695,285818388,2015-08-06
15090,10,12,14,22,25,33,15,680071900,2,10000000,50,499546,282983042,2015-08-04
15089,12,14,19,27,28,29,01,625139856,3,10000000,94,258676,311873350,2015-08-02
15088,02,12,20,24,29,31,09,582193066,13,6015726,41,402574,287667610,2015-07-30
15087,09,15,16,19,20,28,11,610880852,1,10000000,136,132818,280174514,2015-07-28
15086,05,06,08,16,18,22,12,566691000,6,7078639,115,135563,308129834,2015-07-26
15085,02,08,25,27,28,29,05,562393449,3,10000000,100,225652,285325214,2015-07-23
15084,15,18,20,22,28,29,15,524697570,2,10000000,69,313379,281884996,2015-07-21
15083,06,07,16,18,29,32,05,479827975,17,5885655,235,80085,315704384,2015-07-19
15082,02,08,09,14,28,30,07,523423566,6,6293747,97,100032,288017344,2015-07-16
15081,13,20,22,26,28,31,13,532076736,6,7344875,62,283654,278500218,2015-07-14
15080,14,17,25,27,28,30,02,523386294,6,8449609,122,212066,314150596,2015-07-12
15079,09,14,15,20,26,32,11,496467738,18,5184871,157,26494,291775556,2015-07-09
15078,03,07,20,22,26,29,02,577316625,3,10000000,139,152281,291936416,2015-07-07
15077,01,06,08,10,13,27,16,543815196,3,10000000,63,423405,324775100,2015-07-05
15076,01,09,10,19,23,27,09,493791571,17,5282081,167,35893,294088268,2015-07-02
15075,06,11,13,19,21,32,04,565604258,2,10000000,88,274170,292719690,2015-06-30
15074,04,07,21,25,26,29,08,513223352,2,10000000,79,261460,320107256,2015-06-28
15073,01,02,17,22,26,27,04,471257280,5,8090468,103,187528,293054328,2015-06-25
15072,01,03,05,20,21,31,05,453763345,5,7815743,82,214614,293363242,2015-06-23
15071,08,18,20,28,29,31,08,440046866,14,5327923,121,47426,308073950,2015-06-21
15070,01,07,13,19,21,29,15,497421825,5,8752485,105,223362,294607168,2015-06-18
15069,01,13,17,18,23,30,15,470825144,8,7071611,108,191815,292089158,2015-06-16
15068,06,15,18,21,26,27,10,465249696,8,7021659,188,107535,326767662,2015-06-14
15067,02,05,08,24,25,31,14,460773196,13,6415492,163,141115,296388770,2015-06-11
15066,05,08,11,17,24,28,16,475169355,5,8176228,255,77848,295073100,2015-06-09
15065,08,10,14,19,26,29,12,456496222,7,7823453,127,194529,326011866,2015-06-07
15064,11,12,14,17,23,27,01,437144743,7,7430580,163,130475,298850352,2015-06-04
15063,01,07,09,16,22,32,12,425356078,7,7072680,183,99103,291740962,2015-06-02
15062,09,14,15,18,21,26,16,420456986,2,10000000,88,280083,323470788,2015-05-31
15061,06,18,22,26,32,33,04,366514881,3,10000000,82,289341,300873544,2015-05-28
15060,01,03,18,27,31,32,13,325336905,5,7855899,76,234860,294398362,2015-05-26
15059,02,06,09,16,25,32,14,311068287,3,10000000,64,446676,327035284,2015-05-24
15058,02,09,10,18,19,20,15,255306348,9,6861751,229,91461,302422308,2015-05-21
15057,09,20,24,25,26,32,04,254227996,4,9523674,69,327802,298048220,2015-05-19
15056,01,07,08,16,18,20,14,224467579,7,7629173,120,191710,333455694,2015-05-17
15055,01,10,15,18,19,28,02,208855998,6,7550060,102,187504,308523870,2015-05-14
15054,01,02,07,10,22,26,07,196780010,10,6362719,82,207731,305342532,2015-05-12
15053,03,07,17,22,32,33,10,209305224,9,7062590,265,87562,337772948,2015-05-10
15052,02,04,11,16,25,26,12,203256114,17,5756703,85,189175,312855530,2015-05-07
15051,04,10,24,26,28,32,09,252880206,3,9394471,107,154011,311895918,2015-05-05
15050,03,09,12,16,17,31,04,231625820,4,8472759,82,211753,330490908,2015-05-03
15049,07,12,14,17,20,23,05,213425469,9,6471007,83,199383,304091626,2015-04-30
15048,13,16,17,22,25,27,10,222018030,13,5759356,61,202287,314318648,2015-04-28
15047,02,03,20,24,26,27,09,259871028,12,5599825,68,132314,353219880,2015-04-26
15046,05,07,10,14,23,31,01,300076800,2,10000000,81,310399,324849386,2015-04-23
15045,01,05,13,22,30,31,07,244649655,5,7425169,110,137793,317791860,2015-04-21
15044,02,03,04,13,14,16,02,236303584,44,5156691,170,50694,361973072,2015-04-19
15043,11,12,15,24,26,27,15,437343962,11,6547831,66,322464,333265010,2015-04-16
15042,09,10,19,21,23,32,08,445522068,18,5598638,138,97604,328582874,2015-04-14
15041,04,09,11,17,21,25,06,505889468,17,5645612,226,60704,355451862,2015-04-12
15040,13,16,18,27,30,32,16,560707072,4,9819869,54,446284,320385120,2015-04-09
15039,01,13,15,26,29,30,12,527688511,7,7136054,85,219887,304495842,2015-04-07
15038,05,06,11,12,14,33,14,521569463,1,10000000,81,307915,330881502,2015-04-05
15037,05,07,12,18,28,31,03,456745930,0,0,232,102953,311121894,2015-04-02
15036,04,06,16,17,26,33,03,385090460,5,8932993,122,201485,314978372,2015-03-31
15035,01,08,09,22,24,33,03,356011799,13,6360697,226,97837,354232116,2015-03-29
15034,12,13,17,18,20,27,13,372366860,5,8430978,201,106684,319035578,2015-03-26
15033,03,06,21,29,31,32,05,350190906,2,10000000,93,169838,316147976,2015-03-24
15032,11,14,16,18,29,32,16,322806048,6,8138892,98,240221,356881788,2015-03-22
15031,01,05,07,22,26,32,11,301014330,10,6554899,113,172002,322648288,2015-03-19
15030,08,11,14,15,16,26,07,308254584,6,7887970,104,208267,313853770,2015-03-17
15029,07,14,15,19,21,28,07,290603075,7,7243174,109,180071,350574266,2015-03-15
15028,04,07,10,26,27,28,14,282421976,8,7403315,292,82305,318360502,2015-03-12
15027,05,07,09,16,26,29,07,269549046,26,5000000,147,6000,313056664,2015-03-10
15026,02,13,17,21,22,33,13,399549056,16,6166894,131,178151,346132854,2015-03-08
15025,10,11,12,15,27,32,14,428205689,0,0,89,249092,301966294,2015-03-05
15024,09,11,16,18,23,24,10,361697874,6,7884587,83,260655,297320432,2015-03-03
15023,08,09,10,13,29,30,01,344102175,9,7263666,297,85744,371421794,2015-03-01
15022,04,07,10,16,23,25,10,333076429,7,7943574,242,106430,428626486,2015-02-26
15021,14,15,16,17,27,28,08,311412624,16,5736340,147,100182,369500210,2015-02-17
15020,01,04,07,19,22,23,04,359013634,7,7958367,175,147918,404738304,2015-02-15
15019,02,06,11,19,25,26,04,337065060,12,6636421,213,115240,363865754,2015-02-12
15018,06,09,12,14,28,29,09,343063140,10,6306199,207,78876,356589678,2015-02-10
15017,13,18,20,25,27,33,12,357142667,7,8393437,73,406747,405548808,2015-02-08
15016,02,06,10,15,17,31,13,326819010,10,6855593,96,241613,370190678,2015-02-05
15015,01,07,20,24,25,33,04,325790184,6,8041259,94,242653,369504840,2015-02-03
15014,02,12,16,19,27,30,11,305609400,72,5079945,634,11348,413004748,2015-02-01
15013,08,09,24,25,26,29,01,649780284,12,6841461,155,178205,371312910,2015-01-29
15012,03,05,22,23,29,31,06,649012056,21,5752465,91,217057,370574586,2015-01-27
15011,04,14,15,17,18,20,15,710557160,5,12000000,100,365932,448888738,2015-01-25
15010,01,02,03,08,21,31,09,650777351,7,8682598,78,252855,408876968,2015-01-22
15009,04,07,14,17,21,25,14,642387330,13,7600598,171,174033,406130598,2015-01-20
15008,04,07,10,16,20,22,03,641915910,6,10114138,146,177096,441162104,2015-01-18
15007,01,07,09,17,20,33,08,615032608,8,8148741,96,197785,396557494,2015-01-15
15006,01,10,11,29,31,33,13,613260305,7,9466873,156,170417,381704996,2015-01-13
15005,07,10,16,17,18,32,15,589772988,7,10254852,142,235774,434233966,2015-01-11
15004,02,14,15,16,23,24,10,551117080,5,10408414,84,253602,391871604,2015-01-08
15003,10,15,20,23,24,31,15,529251380,5,10593703,98,229190,389418150,2015-01-06
15002,07,15,16,25,28,32,05,504837957,13,7372062,152,171355,445131362,2015-01-04
15001,01,07,09,16,20,23,06,512536696,8,8455559,125,176444,389811558,2015-01-01
14152,08,13,15,20,21,25,12,504014400,12,7133222,99,196953,403970126,2014-12-30
14151,04,05,08,11,21,27,08,521118039,13,6578931,195,67475,436728282,2014-12-28
14150,03,08,14,22,24,32,09,557171217,9,7717144,161,112222,393965122,2014-12-25
14149,07,09,10,15,19,33,01,562421886,2,15000000,154,222360,386664128,2014-12-23
14148,01,02,05,12,15,16,13,479691558,9,8710675,133,219887,425097618,2014-12-21
14147,06,07,22,26,31,32,10,460352344,4,12241950,93,254943,385071740,2014-12-18
14146,01,06,13,20,29,32,01,428190888,3,13333333,100,329347,383982986,2014-12-16
14145,10,12,13,23,26,29,11,359386704,9,8297945,142,173252,428104998,2014-12-14
14144,03,05,06,09,10,27,14,350262546,6,10122305,191,135692,379438954,2014-12-11
14143,03,12,18,20,25,26,16,323244502,14,6998852,197,114111,375707362,2014-12-09
14142,06,21,22,23,25,28,13,343788680,5,12000000,100,318025,419262206,2014-12-07
14141,08,09,11,16,21,24,10,298381028,22,6335444,168,144194,374573402,2014-12-04
14140,06,10,11,14,17,33,06,355086600,5,9914504,102,178584,369928040,2014-12-02
14139,01,14,15,20,25,29,11,340012160,10,8062601,102,252769,416872552,2014-11-30
14138,04,06,13,29,31,33,13,333290635,5,11482317,126,222337,379450576,2014-11-27
14137,03,06,09,11,25,29,09,296658774,27,5906822,223,53162,377779080,2014-11-25
14136,03,16,19,27,31,32,10,405577188,1,15000000,112,247269,419949224,2014-11-23
14135,02,04,11,13,25,33,01,332494676,4,12500000,210,147183,380304722,2014-11-20
14134,05,16,22,23,26,28,02,279769385,7,10031378,124,254230,374813426,2014-11-18
14133,13,14,16,23,30,31,13,245415332,4,12006712,125,180268,417287252,2014-11-16
14132,05,06,14,15,18,33,08,215841500,5,9132195,81,164521,372487192,2014-11-13
14131,05,17,21,22,28,32,14,211523816,7,10041712,211,149834,396591384,2014-11-11
14130,01,02,10,24,30,33,10,176970840,3,13333333,77,344673,402591108,2014-11-09
14129,05,08,09,20,28,32,02,127351182,7,6428571,207,120794,359082268,2014-11-06
14128,05,07,08,17,18,24,14,87337680,10,6000000,180,122362,358520804,2014-11-04
14127,02,10,12,21,23,27,12,71262030,15,5666666,189,94735,405427926,2014-11-02
14126,06,11,16,17,22,27,01,92547000,28,6067086,425,58466,374635140,2014-10-30
14125,10,11,15,26,31,32,06,177881270,5,10893985,84,289731,369171242,2014-10-28
14124,02,17,20,24,31,33,04,149338971,3,8333333,72,452439,414603564,2014-10-26
14123,01,06,11,17,28,33,05,66611994,31,5504877,447,43767,374248054,2014-10-23
14122,06,09,11,16,20,29,11,178571232,16,5951266,156,121957,372450634,2014-10-21
14121,01,02,13,22,28,30,09,216715500,15,6326521,265,93857,414246034,2014-10-19
14120,01,07,12,16,23,28,04,236996485,23,5924705,375,70894,380941988,2014-10-16
14119,06,13,17,20,26,29,09,293508896,16,5570537,138,82686,374297910,2014-10-14
14118,05,07,15,18,26,30,03,348405240,15,6427135,328,81581,412610364,2014-10-12
14117,05,10,17,25,28,29,04,364535919,9,7417293,316,86058,376251864,2014-10-09
14116,09,10,14,15,19,29,16,349707904,8,7738382,178,153841,355472106,2014-10-07
14115,01,09,10,11,13,32,03,329463486,107,5206826,176,157176,393986920,2014-10-05
14114,02,07,23,30,32,33,10,803604936,4,7655494,64,207460,336622164,2014-10-02
14113,12,14,28,31,32,33,07,794394502,2,10000000,61,329010,376332046,2014-09-30
14112,01,15,16,21,24,30,03,754185552,16,5556035,150,74138,438774340,2014-09-28
14111,02,08,17,20,22,28,02,809720000,5,10000000,86,386831,391471380,2014-09-25
14110,01,08,11,13,19,30,06,759917456,4,9300795,143,150377,384948858,2014-09-23
14109,02,05,11,15,19,28,02,732608704,16,6744502,304,114769,437600916,2014-09-21
14108,03,08,09,20,23,28,02,735850612,14,6392168,357,68243,393047674,2014-09-18
14107,11,14,17,22,25,27,16,752252140,5,9244289,117,226724,387176276,2014-09-16
14106,09,14,17,18,21,25,15,718893160,4,10000000,124,257862,422052940,2014-09-14
14105,14,16,17,19,27,32,04,662968446,6,9151943,67,464769,379715550,2014-09-11
14104,02,06,12,19,27,28,13,624461375,5,9351116,372,73103,358170510,2014-09-09
14103,03,08,09,10,18,33,04,589633520,8,7120349,179,118455,396768732,2014-09-07
14102,14,16,21,24,28,31,13,582985842,3,10000000,80,346223,368749750,2014-09-04
14101,16,18,20,23,24,32,07,529892270,2,10000000,61,420623,359712392,2014-09-02
14100,01,06,09,10,14,16,11,472918194,3,10000000,90,260404,401949134,2014-08-31
14099,01,05,10,11,13,32,14,432609020,4,10000000,47,565778,358086522,2014-08-28
14098,02,13,17,20,29,31,07,392834215,5,8502424,77,284287,353151800,2014-08-26
14097,07,13,24,25,27,32,15,369675882,3,10000000,148,196578,390727104,2014-08-24
14096,12,14,17,19,22,24,08,312395240,4,9824585,86,280499,357432576,2014-08-21
14095,05,06,08,14,22,31,08,279324805,5,7265534,134,105668,348187212,2014-08-19
14094,01,10,18,20,23,29,01,273173708,2,10000000,79,363453,394513356,2014-08-17
14093,02,08,09,10,20,29,05,207035236,23,5209398,205,29366,361310882,2014-08-14
14092,03,13,18,19,22,26,07,308790808,8,6633423,185,88293,355694942,2014-08-12
14091,01,05,12,19,27,29,14,312855494,7,8264071,148,192977,395683536,2014-08-10
14090,05,09,11,19,24,32,13,285022119,17,5909390,201,96141,361007810,2014-08-07
14089,04,06,14,17,27,30,09,327508140,15,5545146,145,70493,349996988,2014-08-05
14088,03,06,11,14,16,29,15,380020836,4,10000000,100,261555,378895304,2014-08-03
14087,06,18,22,23,32,33,06,341554266,6,8003802,89,253129,346294212,2014-07-31
14086,02,04,10,12,14,30,08,321991524,6,8140814,147,160245,342885520,2014-07-29
14085,01,02,11,19,23,29,08,300168090,15,6219107,106,215644,383964576,2014-07-27
14084,01,06,09,10,13,25,08,324879900,6,7345069,107,164374,348439746,2014-07-24
14083,05,06,19,21,23,33,12,316186254,6,7954331,111,199616,342671260,2014-07-22
14082,02,04,20,25,26,29,11,297439788,6,8166275,90,263856,376072870,2014-07-20
14081,08,14,22,24,27,29,10,275196240,6,8256141,88,277512,345588442,2014-07-17
14080,05,14,16,17,25,30,07,251469908,1,10000000,254,83090,339602048,2014-07-15
14079,02,07,16,22,27,28,02,198155300,7,8316463,168,172732,371546996,2014-07-13
14078,02,03,05,06,09,17,07,169313373,9,6628498,112,163576,340877252,2014-07-10
14077,08,09,12,15,19,22,10,174008032,8,6647934,140,117709,335080206,2014-07-08
14076,06,10,12,17,18,33,11,177753477,3,10000000,76,324412,375634222,2014-07-06
14075,03,09,11,22,27,29,06,133787352,24,5641067,169,113799,341705034,2014-07-03
14074,01,03,06,13,30,31,12,211476892,1,10000000,88,239871,333005878,2014-07-01
14073,01,12,16,20,30,33,02,158150815,5,5000000,79,382345,368813894,2014-06-29
14072,01,03,07,13,19,32,16,92535036,3,5000000,106,243820,324184472,2014-06-26
14071,02,04,12,17,22,25,14,30000000,34,3043574,432,43988,332837230,2014-06-24
14070,01,07,09,19,28,29,07,46472150,25,5398171,199,62526,381932126,2014-06-22
14069,05,12,17,19,25,30,11,144097840,10,6146408,218,65734,344427596,2014-06-19
14068,04,12,13,22,27,29,16,162571614,3,5000000,122,235536,333498724,2014-06-17
14067,01,06,07,17,18,23,06,91365232,16,6218687,203,120067,369752334,2014-06-15
14066,02,05,15,17,18,21,16,117743004,3,5000000,89,308573,326106482,2014-06-12
14065,03,04,05,08,10,22,06,50353786,14,5000000,131,174687,331291864,2014-06-10
14064,02,09,15,16,29,32,14,51701734,14,5000000,287,76848,362553032,2014-06-08
14063,03,08,17,21,22,31,16,55534992,8,5000000,224,97522,318559312,2014-06-05
14062,06,09,15,24,25,26,09,30000000,58,1557886,396,22689,324555900,2014-06-03
14061,02,14,17,27,28,31,08,63402256,16,5000000,210,105096,348086982,2014-06-01
14060,03,05,14,18,25,33,06,77191491,1,5000000,156,104288,332537430,2014-05-29
14059,05,08,12,13,23,25,13,33384288,14,5000000,192,117768,332914310,2014-05-27
14058,02,03,12,13,14,25,11,35549494,38,5136638,213,30471,395239936,2014-05-25
14057,02,04,12,18,23,31,08,211270800,6,8117313,92,254128,357051002,2014-05-22
14056,01,11,18,20,28,29,01,189835134,6,8207897,117,205634,355820816,2014-05-20
14055,02,09,14,19,21,30,04,166904832,8,6995330,141,141512,399255230,2014-05-18
14054,01,04,05,11,29,30,14,163007572,14,6152102,331,73094,362404232,2014-05-15
14053,14,17,19,22,26,31,02,192683993,1,10000000,80,385716,357050160,2014-05-13
14052,09,13,15,28,30,33,08,130683658,14,5815978,152,112733,388520458,2014-05-11
14051,10,16,19,21,23,24,13,172124407,7,8087544,69,469843,355097144,2014-05-08
14050,03,17,23,25,26,32,13,153092388,6,7990218,117,230016,356974970,2014-05-06
14049,06,07,16,17,23,32,06,138239115,15,6218403,176,155761,395100460,2014-05-04
14048,06,09,16,17,24,25,16,167548980,10,6699431,209,121968,328158768,2014-05-01
14047,08,10,11,12,19,29,15,175063188,6,8550289,231,138322,367083108,2014-04-29
14046,02,10,11,17,18,22,10,151808850,10,6137017,121,140952,407325576,2014-04-27
14045,02,04,09,11,19,22,15,173383408,22,5886964,128,228670,375431708,2014-04-24
14044,04,09,21,27,28,33,12,234600372,4,9396243,136,193951,373074342,2014-04-22
14043,02,05,09,14,24,33,09,210637936,16,5583245,118,118626,415843112,2014-04-20
14042,12,15,20,25,28,33,14,267308119,0,0,90,415420,373018334,2014-04-17
14041,07,11,16,18,21,22,02,180069774,2,10000000,93,324163,365242842,2014-04-15
14040,03,04,06,11,12,15,08,129726387,9,6499969,119,170164,406009192,2014-04-13
14039,03,11,15,19,20,31,07,140977080,5,5000000,274,110166,363687932,2014-04-10
14038,04,07,22,23,24,33,16,95544036,9,5000000,111,293443,356364376,2014-04-08
14037,06,13,14,24,25,30,07,64542096,18,5872936,261,90303,385617546,2014-04-06
14036,01,07,08,09,11,22,03,115259940,30,5349374,351,44791,378585748,2014-04-03
14035,07,08,09,17,32,33,06,239056900,10,6852544,199,139639,385901784,2014-04-01
14034,01,03,04,08,25,31,06,242743280,20,5471886,102,138790,432189956,2014-03-30
14033,05,13,23,28,32,33,12,319148956,17,5965697,303,81271,403193612,2014-03-27
14032,01,02,14,22,29,33,07,363106803,3,10000000,94,281203,397424848,2014-03-25
14031,04,10,16,17,21,27,14,331429504,16,6710711,368,111568,443595958,2014-03-23
14030,12,18,19,23,24,30,10,343001056,8,7352776,208,135737,396594924,2014-03-20
14029,02,07,14,16,21,29,14,335945528,8,8317056,137,290545,396072528,2014-03-18
14028,06,16,21,27,30,32,05,309604392,8,7421842,72,403640,435709368,2014-03-16
14027,08,10,14,16,30,31,01,301167546,2,10000000,75,494198,384105632,2014-03-13
14026,01,02,05,06,11,23,14,234682846,2,10000000,135,249376,376888174,2014-03-11
14025,01,05,10,14,16,30,16,176129274,3,10000000,96,463736,420328670,2014-03-09
14024,08,10,16,20,23,30,09,102252288,24,5494247,288,61780,380942014,2014-03-06
14023,07,09,13,17,21,22,10,192597457,13,6506941,178,165086,379325720,2014-03-04
14022,04,06,07,10,21,26,16,208621864,8,7916237,110,318134,422477050,2014-03-02
14021,08,10,15,17,22,29,12,190297125,9,6781386,119,202090,376012996,2014-02-27
14020,09,14,17,23,24,25,15,195215928,4,10000000,118,312907,369800298,2014-02-25
14019,02,10,15,19,20,21,07,149062025,5,6752686,95,138369,409381396,2014-02-23
14018,13,17,18,21,30,33,15,152153450,5,5000000,51,738936,366787508,2014-02-20
14017,04,06,07,14,25,26,10,89220000,24,5330216,218,54531,354286552,2014-02-18
14016,02,03,07,13,21,24,08,189407019,3,10000000,106,265652,394728698,2014-02-16
14015,02,11,19,30,32,33,09,153702230,11,6247355,101,203775,345827928,2014-02-13
14014,04,09,19,22,25,29,15,174399960,10,6994695,128,233753,340281006,2014-02-11
14013,05,09,13,15,17,21,13,174532572,12,6357176,127,192355,447850102,2014-02-09
14012,01,08,11,19,21,24,08,193817286,6,7572430,79,293061,364615256,2014-01-28
14011,09,10,13,14,21,32,02,185230836,7,7928774,120,256267,400827700,2014-01-26
14010,05,07,08,20,31,33,11,168977284,2,10000000,207,127770,359922428,2014-01-23
14009,08,09,19,20,25,32,16,127264176,6,5000000,229,108965,348408848,2014-01-21
14008,05,14,16,21,29,30,12,99040432,8,5000000,189,182182,392135484,2014-01-19
14007,08,10,12,14,18,28,14,58697890,13,5000000,198,137874,346606050,2014-01-16
14006,03,04,07,17,21,27,14,30000000,70,4194362,296,81603,369941458,2014-01-14
14005,15,18,23,27,32,33,04,237244320,6,9383724,77,512383,414088906,2014-01-12
14004,01,04,19,22,24,25,15,201488460,5,9580091,113,303988,373155800,2014-01-09
14003,06,10,11,28,30,33,12,169237320,6,7804024,147,171674,363993362,2014-01-07
14002,04,21,23,31,32,33,04,157176954,6,8403112,105,291695,408021124,2014-01-05
14001,03,09,15,20,27,29,01,136130274,3,5000000,139,251264,371341368,2014-01-02
13154,07,11,14,19,24,29,05,69636912,16,5625000,182,172542,382836786,2013-12-31
13153,08,11,13,18,28,33,10,76364070,6,6666666,116,282133,394373774,2013-12-29
13152,04,06,14,16,18,29,05,30000000,28,2774257,213,75813,353968798,2013-12-26
13151,03,09,10,19,28,33,09,30000000,45,5051762,391,31951,376460226,2013-12-24
13150,01,15,16,25,26,29,10,188178865,5,11579919,93,369348,409001896,2013-12-22
13149,09,18,25,26,30,32,11,155929878,9,8188009,117,239642,369490424,2013-12-19
13148,06,11,12,14,17,22,01,154199665,5,11973853,120,310865,354333120,2013-12-17
13147,02,15,16,17,19,30,08,117026496,18,6544074,132,202197,400947352,2013-12-15
13146,08,20,25,30,32,33,01,162543128,4,7500000,147,261336,404451866,2013-12-12
13145,06,10,13,16,23,24,15,92904565,13,5769230,237,105672,364933776,2013-12-10
13144,05,07,12,19,27,31,02,99467508,12,5833333,308,106753,406764784,2013-12-08
13143,12,18,21,22,27,32,11,82747368,8,6250000,90,280224,364973022,2013-12-05
13142,11,12,14,20,22,29,14,63900184,8,6250000,119,266147,356100256,2013-12-03
13141,03,04,05,25,30,31,04,30000000,25,4151240,180,40462,409703546,2013-12-01
13140,01,05,12,13,21,22,10,76786944,4,7500000,125,228983,359556480,2013-11-28
13139,07,08,11,13,21,27,08,30000000,25,4905577,184,89406,372082440,2013-11-26
13138,04,15,16,24,27,28,03,74254260,10,6000000,161,194166,402650432,2013-11-24
13137,04,17,19,23,24,27,10,51312261,27,5953328,420,56213,379293130,2013-11-21
13136,04,06,14,16,18,26,06,116962560,12,7096267,139,163545,369164734,2013-11-19
13135,09,23,24,25,29,31,12,139074525,5,7000000,113,309968,406720240,2013-11-17
13134,01,17,18,19,25,29,10,82346272,16,6687967,118,216196,372289714,2013-11-14
13133,04,07,12,19,22,25,01,119827596,12,7671892,248,133443,361709328,2013-11-12
13132,20,21,22,23,25,27,12,124670825,25,6197955,176,170018,420848208,2013-11-10
13131,04,06,12,17,19,26,09,199798632,18,6291307,130,152810,388319260,2013-11-07
13130,01,03,15,16,31,33,08,256689792,12,7637890,115,282452,385080972,2013-11-05
13129,05,06,10,14,27,31,14,262553088,4,12500000,144,299336,418710844,2013-11-03
13128,07,13,17,19,25,31,08,201975928,8,8483315,156,171793,381844688,2013-10-31
13127,02,03,13,20,22,33,14,197309615,5,11767862,216,165550,376726836,2013-10-29
13126,04,10,19,27,31,33,16,162711340,5,12000000,155,247917,408866622,2013-10-27
13125,04,06,08,18,25,28,16,123047728,8,9047241,308,108983,372984566,2013-10-24
13124,03,09,15,23,25,30,07,107102896,8,5000000,140,186561,347249642,2013-10-22
13123,01,02,06,11,17,25,02,86159328,12,5000000,109,277152,385822278,2013-10-20
13122,07,10,13,15,26,27,11,75670240,10,5000000,173,161020,345544080,2013-10-17
13121,04,05,06,07,25,27,07,60671480,5,5000000,155,135981,337100116,2013-10-15
13120,05,06,13,18,23,31,11,36491411,47,5263001,447,41480,404684072,2013-10-13
13119,05,15,20,22,26,32,09,240588702,9,6880734,83,305902,357071040,2013-10-10
13118,02,03,17,22,32,33,16,243272184,6,8693827,93,357467,343511272,2013-10-08
13117,09,12,13,24,27,33,16,217864773,19,6129010,232,138693,368579726,2013-10-06
13116,12,15,21,26,32,33,07,259236778,2,10000000,148,194817,312633700,2013-10-03
13115,03,12,16,17,18,27,08,211959722,13,6116365,122,178435,319974332,2013-10-01
13114,04,06,17,21,23,33,07,240677850,5,10000000,97,389940,398506774,2013-09-29
13113,04,07,11,17,24,33,09,202421233,7,7162340,147,154452,353992568,2013-09-26
13112,01,06,12,13,22,31,07,199580280,12,6452204,77,339476,344881702,2013-09-24
13111,01,02,03,06,08,33,13,216014150,22,5988146,252,129400,401502238,2013-09-22
13110,15,17,18,21,29,32,13,271666100,4,9320948,56,462958,341867256,2013-09-19
13109,09,23,24,27,29,32,08,248456620,5,7299549,103,167442,351155742,2013-09-17
13108,16,21,22,28,31,32,05,244712259,3,10000000,60,488705,384725718,2013-09-15
13107,07,09,11,17,28,31,11,206293472,7,7784397,120,243634,349907348,2013-09-12
13106,09,11,23,30,31,32,06,192566520,4,8223793,77,251204,344715810,2013-09-10
13105,01,11,23,27,31,32,09,180328590,5,8502830,70,375303,380197404,2013-09-08
13104,01,02,04,15,17,28,11,161543208,4,10000000,88,351414,339771188,2013-09-05
13103,02,04,09,13,18,20,07,129386045,5,8329891,111,224992,329389008,2013-09-03
13102,02,04,05,06,08,16,03,112762404,12,6847743,142,234220,374113680,2013-09-01
13101,05,07,09,23,27,32,01,117330108,4,7726709,83,197111,339246710,2013-08-29
13100,04,08,11,14,16,20,11,110063013,0,0,61,370237,324850520,2013-08-27
13099,05,11,20,21,26,31,03,57365841,13,5000000,173,150911,359490506,2013-08-25
13098,07,15,18,19,20,26,14,61447820,28,5506770,291,73142,333979300,2013-08-22
13097,05,14,17,22,23,25,07,165973926,3,10000000,152,175954,326153582,2013-08-20
13096,01,02,22,28,29,30,15,133568694,9,7504350,112,301863,364530978,2013-08-18
13095,01,06,15,19,28,29,10,122220820,5,5000000,144,183210,321839422,2013-08-15
13094,02,04,14,18,20,22,07,85662203,11,5984697,113,143783,320217972,2013-08-13
13093,01,02,08,26,29,31,14,113583018,2,5000000,111,325606,345826922,2013-08-11
13092,07,11,15,21,26,31,06,39250888,8,5000000,103,204927,311052518,2013-08-08
13091,04,14,24,25,28,31,10,30000000,22,3362188,61,308909,308670790,2013-08-06
13090,02,05,11,23,24,29,08,30000000,46,3882974,154,13183,372773264,2013-08-04
13089,04,08,12,19,21,25,13,173879650,14,6155652,210,115565,337088774,2013-08-01
13088,09,15,20,21,22,24,14,203431818,3,10000000,119,265091,332225112,2013-07-30
13087,02,13,19,23,24,28,05,159824838,6,7813525,121,209270,364306204,2013-07-28
13086,02,04,11,13,16,26,11,147621963,3,10000000,80,311029,326453274,2013-07-25
13085,02,08,12,14,16,32,16,119563094,7,8042847,135,236665,330145456,2013-07-23
13084,05,07,09,11,20,21,03,101313260,10,6976187,136,217961,373588034,2013-07-21
13083,05,06,12,14,19,23,09,101908566,18,5326203,225,39144,338036388,2013-07-18
13082,04,13,14,20,22,30,06,177229420,5,8012017,178,126910,326611872,2013-07-16
13081,01,04,10,13,21,31,13,164579200,4,10000000,122,273751,359745012,2013-07-14
13080,10,11,12,23,28,32,16,126651295,5,8444709,103,250828,327918824,2013-07-11
13079,07,13,17,19,22,26,13,108592428,12,6446471,102,255259,320512624,2013-07-09
13078,03,05,17,18,26,27,15,125198288,8,5000000,223,143305,355637236,2013-07-07
13077,09,14,23,24,26,29,03,90631848,31,5415508,186,103877,333114166,2013-07-04
13076,14,23,24,26,29,30,03,213429920,1,10000000,43,750283,326689120,2013-07-02
13075,04,06,09,25,30,33,14,148151453,0,0,47,656915,358276246,2013-06-30
13074,03,06,08,14,19,32,03,76109739,3,5000000,101,253083,320654782,2013-06-27
13073,02,09,13,17,20,28,11,31466432,19,5000000,185,99780,324559238,2013-06-25
13072,02,08,11,14,19,33,09,83394408,2,5000000,144,183800,351392580,2013-06-23
13071,05,12,21,23,26,28,09,31637441,11,5000000,173,70271,311914552,2013-06-20
13070,02,03,09,10,28,30,06,58271360,13,5000000,152,178396,296577242,2013-06-18
13069,07,16,17,18,30,33,06,30000000,105,2083167,190,187552,369339396,2013-06-16
13068,02,07,13,20,25,27,06,135584520,10,6912312,203,141303,329872238,2013-06-13
13067,01,04,09,15,22,30,06,137776720,16,5889617,163,130986,309743864,2013-06-11
13066,01,03,16,17,20,32,07,182192048,8,6025818,96,128227,368087166,2013-06-09
13065,07,18,19,23,29,30,02,201675690,5,9309082,165,195867,334460176,2013-06-06
13064,01,09,13,22,25,32,12,172812165,5,9400977,72,458435,328102052,2013-06-04
13063,10,15,18,20,23,31,12,142799949,3,5000000,84,380751,354390256,2013-06-02
13062,01,06,07,19,22,27,02,83172610,2,5000000,102,265431,313979568,2013-05-30
13061,05,06,07,12,13,18,12,30000000,43,3509802,830,20959,335064726,2013-05-28
13060,05,07,10,13,19,20,15,110329152,8,5000000,206,106307,368726696,2013-05-26
13059,03,10,18,24,27,29,09,99230450,11,5562668,134,69283,339381758,2013-05-23
13058,08,11,17,21,23,24,05,138757060,13,6573318,243,126253,338075776,2013-05-21
13057,13,16,19,23,26,28,05,152624208,6,7927462,146,180460,367207180,2013-05-19
13056,03,12,25,26,28,29,16,138712270,5,8816637,88,325281,330573576,2013-05-16
13055,08,18,19,22,27,32,06,116004306,6,7991149,97,277529,328924474,2013-05-14
13054,03,04,08,14,21,28,14,101137064,14,5000000,202,172767,367209526,2013-05-12
13053,03,12,13,22,30,33,14,89705790,5,5000000,132,215385,327360018,2013-05-09
13052,06,07,14,21,22,24,13,48367032,8,5000000,104,240523,320719928,2013-05-07
13051,08,12,15,19,28,29,02,30000000,33,5479124,450,61706,377856082,2013-05-05
13050,03,07,13,18,22,25,03,116018802,9,7054027,228,121620,331969178,2013-05-02
13049,10,13,14,16,21,32,14,114803190,2,5000000,41,727853,295889902,2013-04-30
13048,10,13,17,28,30,32,04,55171877,37,5456927,119,213104,379712106,2013-04-28
13047,01,08,11,17,27,30,12,167906106,6,8654750,116,283558,347274348,2013-04-25
13046,03,16,19,20,24,26,06,143084851,7,8147262,95,347855,352094234,2013-04-23
13045,06,07,08,14,23,31,12,123007759,7,7557675,138,194605,389847482,2013-04-21
13044,03,05,11,18,26,28,06,113248452,12,6411138,337,75372,355471956,2013-04-18
13043,03,06,14,15,17,25,16,130914304,16,5481602,247,46795,358568922,2013-04-16
13042,01,08,12,13,15,33,03,191650228,7,8484594,131,279299,396763590,2013-04-14
13041,02,10,12,17,23,24,05,165669831,3,10000000,295,88126,358260706,2013-04-11
13040,02,04,10,12,17,30,10,135009567,11,6144278,125,151044,352650578,2013-04-09
13039,01,02,14,15,24,29,06,158541908,7,8030721,94,338538,390740078,2013-04-07
13038,09,10,12,14,15,19,11,140504290,5,8453347,95,272632,328400842,2013-04-04
13037,02,15,18,27,28,32,14,122337450,6,7287992,157,131158,350336028,2013-04-02
13036,04,05,09,27,29,31,13,118017567,9,7536121,182,188118,393497514,2013-03-31
13035,01,14,15,17,26,30,02,105954843,3,5000000,78,405085,351498872,2013-03-28
13034,06,15,20,22,26,33,09,47229360,8,5000000,83,273693,339315898,2013-03-26
13033,05,06,13,17,19,28,01,34224132,44,5355031,567,41326,397248028,2013-03-24
13032,04,21,25,29,30,33,03,185170708,2,10000000,68,438576,365616360,2013-03-21
13031,03,13,14,15,21,33,03,135583170,10,6553055,125,186366,365951410,2013-03-19
13030,07,14,18,25,26,29,06,146756785,7,7771195,140,207839,405193314,2013-03-17
13029,06,07,10,19,23,29,12,133260864,12,6611365,473,61320,367189222,2013-03-14
13028,07,08,14,25,26,28,13,144919914,6,7577370,149,155680,363477764,2013-03-12
13027,01,02,04,12,21,24,12,136259354,11,6848640,126,242083,401897672,2013-03-10
13026,04,11,14,15,22,31,11,140421744,4,9397355,95,277727,357237076,2013-03-07
13025,16,17,18,24,25,30,08,116448192,27,5431843,126,138806,365053994,2013-03-05
13024,04,05,13,23,27,30,09,222298732,17,5847975,191,113211,397860528,2013-03-03
13023,03,06,15,18,30,32,05,271259788,4,10000000,145,215645,359844386,2013-02-28
13022,02,04,07,09,15,20,07,238299864,6,6902732,79,216766,349104140,2013-02-26
13021,01,06,17,19,26,31,11,239758883,7,7342133,104,236465,386291388,2013-02-24
13020,01,07,08,12,16,21,01,233771560,5,9109602,145,212565,337611102,2013-02-21
13019,01,02,05,16,20,26,06,207401535,5,8107555,93,250609,316958200,2013-02-19
13018,02,08,13,28,29,30,05,193557090,10,6796488,273,98708,364752666,2013-02-17
13017,04,06,12,30,31,32,09,198644874,3,10000000,93,291681,339247106,2013-02-07
13016,02,05,06,12,14,28,05,165350088,12,5755587,99,137379,327207104,2013-02-05
13015,05,06,07,11,13,18,15,202682481,3,10000000,158,222295,377989410,2013-02-03
13014,02,04,05,17,19,20,08,150729380,20,5786249,235,100372,348187310,2013-01-31
13013,05,06,13,19,22,28,09,211416895,19,5961726,259,105827,351745408,2013-01-29
13012,06,14,17,22,28,29,02,260734911,3,10000000,144,270305,389114476,2013-01-27
13011,03,12,17,24,27,29,09,199912372,11,6118580,113,163332,350274074,2013-01-24
13010,01,09,11,17,32,33,12,224151420,5,9286306,74,434422,347709230,2013-01-22
13009,01,04,09,13,16,23,02,195572596,4,9535536,100,272132,383674016,2013-01-20
13008,03,08,17,21,25,32,15,170217234,6,8240712,311,93782,341795384,2013-01-17
13007,02,09,15,22,26,32,01,151606540,2,7500000,148,228327,341246158,2013-01-15
13006,09,10,13,17,22,30,13,82757304,8,5625000,178,176778,374366198,2013-01-13
13005,01,13,14,25,31,32,12,49335143,11,5454545,117,251894,339352226,2013-01-10
13004,06,10,16,20,27,32,08,35567995,17,5294117,152,61143,337097616,2013-01-08
13003,22,23,26,27,28,33,09,98882604,4,6250000,90,271770,367773688,2013-01-06
13002,01,16,18,22,28,30,12,61810900,4,6250000,63,352455,303822912,2013-01-03
13001,06,08,14,15,24,25,06,30000000,20,5250000,271,71485,309153922,2013-01-01
12154,05,07,12,16,28,32,04,72256070,5,6000000,137,210394,349475260,2012-12-30
12153,04,05,11,21,27,28,10,30000000,14,5218719,167,97678,315610858,2012-12-27
12152,10,12,18,22,28,29,07,30000000,36,5621438,220,118444,327454924,2012-12-25
12151,05,14,24,25,26,32,01,154841736,8,8354668,109,300513,362492002,2012-12-23
12150,09,11,17,23,24,26,07,140248364,4,6250000,92,323576,325835512,2012-12-20
12149,01,05,13,25,26,32,13,90787310,2,7500000,116,261529,314338172,2012-12-18
12148,03,06,11,17,21,31,07,30000000,64,1702451,1293,8158,373006912,2012-12-16
12147,02,12,15,23,24,32,09,79342832,8,5625000,170,98430,330613366,2012-12-13
12146,01,05,07,13,29,32,13,80298625,5,6000000,107,143273,320313400,2012-12-11
12145,05,20,26,27,28,33,03,69528065,5,6000000,112,246918,349657358,2012-12-09
12144,03,10,12,13,27,30,04,30000000,25,2617222,125,104333,326127870,2012-12-06
12143,07,08,18,25,30,32,06,30000000,12,5416666,130,192233,322260704,2012-12-04
12142,05,18,22,28,29,31,06,30000000,13,5384615,80,194319,355971618,2012-12-02
12141,03,05,08,19,20,27,09,34662735,27,5520780,211,64415,331745670,2012-11-29
12140,14,18,27,30,31,33,15,147010059,9,7807514,188,161709,328890054,2012-11-27
12139,08,19,21,24,28,31,15,141340986,6,5833333,62,527982,359675456,2012-11-25
12138,01,07,16,17,19,21,14,94959540,4,6250000,109,240023,322213636,2012-11-22
12137,01,02,04,06,13,17,07,53913486,6,5833333,34,679581,323374784,2012-11-20
12136,02,07,08,17,21,28,11,30000000,37,5152273,155,131940,370704246,2012-11-18
12135,02,05,07,08,11,17,16,137915685,5,9567828,96,278736,334488518,2012-11-15
12134,02,05,06,07,13,23,15,118317829,1,10000000,84,247841,331006688,2012-11-13
12133,01,08,11,20,21,29,02,74740968,9,5555555,210,95178,364736358,2012-11-11
12132,07,12,16,17,21,25,10,73103371,11,5454545,92,154721,332827106,2012-11-08
12131,06,18,19,26,28,32,12,94889844,21,5443751,207,31295,334407788,2012-11-06
12130,01,03,15,20,22,31,03,189092919,3,11666666,59,516973,355629806,2012-11-04
12129,01,07,09,17,21,29,01,147922890,2,7500000,92,349761,331737426,2012-11-01
12128,05,09,12,29,30,31,05,82840707,9,5555555,135,123151,322643800,2012-10-30
12127,01,09,11,21,26,32,08,89047863,9,6592189,95,147311,373363120,2012-10-28
12126,03,05,12,15,23,24,07,110723595,15,6201040,169,115523,336798500,2012-10-25
12125,08,12,13,26,29,33,01,153184560,20,5994892,244,91585,337488334,2012-10-23
12124,06,07,21,25,27,33,11,215939945,5,10607733,158,218721,369201172,2012-10-21
12123,08,10,16,25,28,33,09,183343281,11,6971496,78,320893,334799840,2012-10-18
12122,12,13,19,22,28,29,11,196627122,6,9088351,100,292951,325004070,2012-10-16
12121,01,07,08,20,23,24,11,177801852,6,8592913,124,260775,355530542,2012-10-14
12120,01,04,20,24,28,29,16,153908152,2,5000000,77,358751,311866338,2012-10-11
12119,12,20,25,26,27,28,13,99452500,50,5378327,85,333818,321919326,2012-10-09
12118,05,06,07,12,15,28,11,302161536,12,6323576,166,143520,352094796,2012-10-07
12117,13,15,18,20,24,28,09,322454248,8,6519376,108,168819,285909300,2012-10-04
12116,03,21,26,29,31,32,03,332066730,3,10000000,44,585802,270974690,2012-10-02
12115,03,08,20,24,26,32,14,301924301,7,7829580,86,345472,330478202,2012-09-30
12114,01,06,11,26,27,29,15,287406651,3,10000000,115,257150,323638620,2012-09-27
12113,03,06,09,13,18,32,06,248404494,13,6229646,162,148012,321721194,2012-09-25
12112,08,15,20,21,27,31,06,273440988,34,5340317,203,85498,365453898,2012-09-23
12111,02,09,10,20,22,31,13,414514056,3,10000000,127,255332,334284550,2012-09-20
12110,03,07,10,13,22,32,09,368850496,16,6037754,218,114248,327652012,2012-09-18
12109,02,12,24,26,29,31,03,407340330,6,8882032,93,375680,366377520,2012-09-16
12108,01,09,12,13,19,28,13,379109848,8,6996216,139,172335,329301702,2012-09-13
12107,11,12,15,24,25,31,09,379185521,13,5878349,127,134864,325537564,2012-09-11
12106,13,14,20,22,23,32,16,415639168,7,8568525,72,520409,368837242,2012-09-09
12105,06,13,14,15,17,30,04,388189976,8,7054909,110,224171,332112822,2012-09-06
12104,04,05,09,10,19,28,03,387091800,20,5685538,176,116853,326123048,2012-09-04
12103,04,09,11,14,32,33,02,452814888,6,8999742,80,449971,364812438,2012-09-02
12102,13,25,27,28,29,30,15,422818756,4,10000000,122,263044,330626818,2012-08-30
12101,09,12,17,18,20,33,02,387938748,4,9975906,61,489433,332762926,2012-08-28
12100,05,07,15,18,25,33,10,358179682,7,6032184,150,72252,365221470,2012-08-26
12099,08,12,15,16,21,27,16,375116456,8,7359922,137,206708,334215270,2012-08-23
12098,02,12,19,26,29,31,09,367918020,12,5725876,107,122109,328680072,2012-08-21
12097,05,08,13,14,19,22,06,406141750,14,6077210,240,94255,362228722,2012-08-19
12096,04,07,11,16,29,33,07,438439386,11,5599637,124,79790,324279054,2012-08-16
12095,17,24,27,28,29,30,02,476949363,3,9886677,92,239022,324870412,2012-08-14
12094,06,09,14,16,23,33,15,455299281,3,10000000,120,298085,360208214,2012-08-12
12093,03,05,19,21,24,33,13,401835325,5,7499648,68,275696,324000944,2012-08-09
12092,06,13,17,18,28,32,03,395589720,10,6440282,218,99101,323643554,2012-08-07
12091,01,05,07,08,19,21,16,409582663,7,7372003,198,125788,363226218,2012-08-05
12090,02,13,20,25,29,30,11,403072608,8,7610296,67,467515,329354360,2012-08-02
12089,03,07,10,13,14,25,11,390866674,11,6358624,111,201957,323395064,2012-07-31
12088,03,05,23,24,27,31,15,408504504,6,8755663,122,277057,363501734,2012-07-29
12087,03,10,11,13,14,22,09,382169550,5,6777043,125,106622,333397892,2012-07-26
12086,08,09,13,15,22,23,08,384956516,14,5617453,209,62040,329772984,2012-07-24
12085,05,17,24,30,31,33,05,433345662,9,7047060,108,255882,365440332,2012-07-22
12084,02,10,20,26,28,29,14,432286812,6,8614316,100,325288,340543862,2012-07-19
12083,04,09,14,15,26,33,04,408072063,7,7834196,180,165328,337785246,2012-07-17
12082,02,04,11,18,22,29,06,393473628,9,7521170,269,126527,376633434,2012-07-15
12081,02,05,10,24,25,29,06,381747300,22,5655466,232,93234,335807634,2012-07-12
12080,04,09,14,15,16,27,03,455696645,17,5719094,181,101308,333462942,2012-07-10
12079,06,07,12,24,30,33,12,510135120,4,10000000,127,302348,373462380,2012-07-08
12078,08,15,22,24,28,33,12,460539066,6,8669544,90,366954,339534852,2012-07-05
12077,02,04,13,18,26,28,12,435495895,5,8435718,79,326175,337698126,2012-07-03
12076,11,18,22,27,29,30,15,417549411,3,10000000,81,358552,379484266,2012-07-01
12075,04,06,22,23,29,32,11,379783084,23,5747971,77,335129,351962062,2012-06-28
12074,15,16,18,19,28,32,08,451774750,5,8878517,70,415555,354427342,2012-06-26
12073,04,07,09,10,17,27,05,428293280,8,6717072,169,121922,383664428,2012-06-24
12072,02,03,07,09,13,30,06,433951832,2,10000000,96,329595,349310588,2012-06-21
12071,03,04,19,21,22,23,08,380122544,8,6606573,104,185373,359591294,2012-06-19
12070,02,03,04,24,31,32,11,387991070,10,6343817,121,166588,403726842,2012-06-17
12069,08,10,11,18,20,29,06,404395639,19,5767697,250,87517,363763394,2012-06-14
12068,05,17,22,26,32,33,10,462930039,117,5181964,120,266122,379754544,2012-06-12
12067,04,05,10,21,26,30,16,994705580,10,7001929,181,165905,415404644,2012-06-10
12066,01,02,09,26,29,33,12,994657342,7,8529512,158,234556,389067662,2012-06-07
12065,08,10,18,19,27,31,14,967890880,16,6540348,152,243212,396002414,2012-06-05
12064,05,10,11,16,23,24,11,986276964,12,6653804,135,220507,444563890,2012-06-03
12063,02,10,17,19,24,27,12,996662843,11,6604802,95,278728,420166696,2012-05-31
12062,02,13,16,17,20,31,07,1007530788,4,5573816,102,33753,422402826,2012-05-29
12061,03,08,11,12,14,18,14,1021792620,5,10000000,136,285981,451440342,2012-05-27
12060,07,10,13,16,17,29,01,981041268,1,10000000,155,265113,394479944,2012-05-24
12059,04,13,21,22,26,31,01,895158438,6,9270173,205,187471,389786618,2012-05-22
12058,03,06,15,20,25,26,04,861105840,4,10000000,204,182415,416752864,2012-05-20
12057,03,05,19,21,27,31,04,814275846,3,10000000,143,256611,367753954,2012-05-17
12056,04,07,14,17,26,31,10,758653203,11,6590332,193,135961,363402618,2012-05-15
12055,04,06,13,20,24,28,01,769919052,4,10000000,110,296460,396120110,2012-05-13
12054,06,14,18,20,30,33,14,733827565,5,8743780,64,438724,356190234,2012-05-10
12053,04,15,22,25,27,33,04,712030309,1,10000000,140,238588,342378036,2012-05-08
12052,02,03,05,06,20,24,04,644091290,5,9086512,104,294700,383696656,2012-05-06
12051,02,12,14,17,30,31,09,618009885,5,8525197,116,227922,340256786,2012-05-03
12050,07,13,15,17,19,24,11,598944924,6,8434603,98,315422,319513602,2012-05-01
12049,04,12,13,19,20,32,02,577425876,6,8684491,95,349057,370994838,2012-04-29
12048,01,05,14,22,24,30,10,552158516,7,7348060,86,286681,352087342,2012-04-26
12047,06,07,11,16,32,33,11,546067464,6,7522813,85,267121,346381150,2012-04-24
12046,04,12,19,20,23,33,06,538225270,10,6536548,209,110278,391900112,2012-04-22
12045,08,11,20,21,27,30,09,549811570,7,7320363,165,147659,356502588,2012-04-19
12044,06,09,10,14,22,25,03,544205207,7,8299647,123,281677,356462184,2012-04-17
12043,02,09,11,21,26,33,03,521461388,14,6362767,152,188277,394668460,2012-04-15
12042,05,06,11,19,24,28,16,543764552,8,7761863,225,147299,353943408,2012-04-12
12041,08,11,15,20,24,32,02,528527286,6,8680361,77,430172,356306648,2012-04-10
12040,03,08,09,22,25,31,10,503321868,18,5689869,211,88277,391299304,2012-04-08
12039,01,02,05,13,22,29,08,562277750,5,8333889,68,367708,343264490,2012-04-05
12038,09,10,11,15,19,33,16,545604136,4,9950939,102,291231,323004056,2012-04-03
12037,05,14,19,24,28,33,09,516094744,4,10000000,165,213492,393044730,2012-04-01
12036,02,11,13,18,19,26,09,473900100,12,5572405,110,93666,360667728,2012-03-29
12035,09,11,12,21,24,26,05,516727952,16,5926804,132,168509,358931126,2012-03-27
12034,02,03,08,23,32,33,16,559655765,5,10000000,140,271705,399671360,2012-03-25
12033,02,03,15,16,17,27,04,520898790,15,6337398,388,77555,367684820,2012-03-22
12032,01,02,10,17,22,24,04,545746332,2,10000000,50,608921,364723646,2012-03-20
12031,04,16,22,24,27,31,03,494705544,4,10000000,108,370142,405489418,2012-03-18
12030,09,10,17,18,21,31,08,441429534,9,6076022,133,109220,360021696,2012-03-15
12029,04,07,15,25,26,28,03,462219036,4,10000000,135,228393,363574384,2012-03-13
12028,10,15,20,21,28,30,11,430275054,6,8433553,142,217619,408320996,2012-03-11
12027,04,16,22,25,30,31,12,408771750,1,10000000,72,440655,367033234,2012-03-08
12026,03,07,09,15,24,25,16,344741670,2,10000000,107,325028,364748574,2012-03-06
12025,03,08,09,17,25,27,06,283592844,12,6210008,226,96372,403316356,2012-03-04
12024,04,12,19,21,25,28,13,307292592,24,5678189,289,84480,364173592,2012-03-01
12023,05,09,15,23,24,33,02,386601237,9,7038702,216,127418,365582932,2012-02-28
12022,04,08,12,24,26,27,04,385730443,7,7204483,180,128594,397040802,2012-02-26
12021,01,15,16,18,22,30,03,382151985,3,10000000,45,671342,367729098,2012-02-23
12020,03,08,12,18,23,29,11,341661021,19,5758512,354,61066,363324150,2012-02-21
12019,07,14,18,20,22,30,16,400631707,7,8150045,130,254426,400412500,2012-02-19
12018,03,05,06,22,26,32,15,380505912,4,10000000,78,466381,361743346,2012-02-16
12017,06,09,14,19,25,28,10,335624562,26,5647487,237,106548,360962760,2012-02-14
12016,02,05,12,17,22,25,08,423537888,16,5793774,278,68527,391806944,2012-02-12
12015,01,03,06,10,21,23,15,471786918,3,10000000,77,317628,344966404,2012-02-09
12014,01,02,05,16,28,30,12,444719580,59,5208873,112,165047,332394836,2012-02-07
12013,06,08,24,29,30,32,13,708910740,10,7153653,164,196980,382213084,2012-02-05
12012,15,17,18,20,23,27,01,705069412,2,10000000,75,337508,330682334,2012-02-02
12011,04,14,15,16,20,26,05,666005385,15,5501852,212,53262,322471622,2012-01-31
12010,01,03,13,19,25,26,10,722185940,4,9684099,112,250933,350707306,2012-01-29
12009,04,16,24,26,27,33,11,695344944,7,7738273,76,279630,371864904,2012-01-19
12008,01,12,20,23,24,29,08,694925145,5,9838366,108,266553,349794196,2012-01-17
12007,10,17,19,27,28,32,04,671945560,5,10692340,88,399915,386798560,2012-01-15
12006,02,22,25,29,32,33,08,638291299,17,6108129,127,163443,365269490,2012-01-12
12005,07,09,18,27,31,33,06,688695791,7,8838231,102,321582,373157878,2012-01-10
12004,01,05,10,11,21,23,16,669026740,4,11250000,153,222629,422246096,2012-01-08
12003,03,06,08,24,29,31,09,629548166,26,5307916,165,27325,376556854,2012-01-05
12002,02,03,07,09,10,32,13,752033556,17,6568417,101,321729,369663804,2012-01-03
12001,01,04,05,09,15,17,06,782875794,6,9494234,110,299528,433902388,2012-01-01
11153,05,08,09,10,20,25,13,757962272,16,6856586,282,131411,403874136,2011-12-29
11152,04,10,11,12,21,26,13,776198815,7,9253543,285,130393,394544922,2011-12-27
11151,07,11,16,19,31,33,10,749261802,6,9932855,190,194187,428101842,2011-12-25
11150,08,10,12,15,22,27,13,717768968,8,8289213,215,148700,385439474,2011-12-22
11149,04,05,06,07,23,31,16,704484700,1,15000000,225,160785,365612730,2011-12-20
11148,05,14,22,23,25,26,14,630072378,6,9214741,105,289835,403588782,2011-12-18
11147,04,08,12,17,18,30,10,609351248,16,6570947,275,109828,369715120,2011-12-15
11146,11,23,26,28,32,33,10,639013370,5,9194616,163,146991,367466864,2011-12-13
11145,02,04,14,15,26,30,04,624080666,11,7107438,249,109529,399835362,2011-12-11
11144,01,02,09,10,16,24,03,633626105,7,8950812,78,435686,365097322,2011-12-08
11143,07,08,12,14,15,30,16,611986880,4,11250000,90,375290,359074808,2011-12-06
11142,12,15,16,26,29,31,02,573175899,3,11666666,83,381361,395266644,2011-12-04
11141,02,04,06,19,24,29,11,529318827,9,7264264,192,120143,353185652,2011-12-01
11140,04,18,20,22,27,29,06,535872860,5,9666056,53,518781,349582200,2011-11-29
11139,08,20,24,27,30,31,03,515047152,6,9646035,72,476587,387797344,2011-11-27
11138,01,05,15,24,28,32,07,487856614,7,8512034,252,116572,348154674,2011-11-24
11137,02,11,18,23,30,33,13,473896000,5,8768592,128,162222,340607254,2011-11-22
11136,02,04,06,20,22,31,07,464288592,4,11250000,86,355324,375968636,2011-11-20
11135,12,13,17,20,25,26,12,432986892,3,11666666,62,419705,335103670,2011-11-17
11134,01,02,06,07,30,31,10,402269556,12,6641721,84,262511,337761116,2011-11-15
11133,12,14,20,21,25,31,16,425517897,7,9338759,75,507426,376474284,2011-11-13
11132,02,05,12,13,25,33,07,397089600,10,6654309,138,125468,340242582,2011-11-10
11131,02,07,09,17,21,25,01,418231870,5,9961151,131,226783,329212830,2011-11-08
11130,07,14,18,23,25,32,15,393717483,3,11666666,86,330170,368707538,2011-11-06
11129,07,10,11,21,23,26,06,357463184,8,7444093,120,181909,336342794,2011-11-03
11128,09,11,14,17,19,23,12,361081322,7,7458146,109,167986,330310278,2011-11-01
11127,16,19,22,23,27,29,11,365563744,8,7434426,93,233474,366718126,2011-10-30
11126,03,07,13,18,23,26,16,369375226,2,12500000,198,165315,329809254,2011-10-27
11125,03,10,15,24,27,32,08,312999380,10,6233335,117,94017,322501850,2011-10-25
11124,09,18,19,26,31,32,16,344665993,7,8751022,123,259233,356985192,2011-10-23
11123,01,04,05,14,19,28,16,326523090,3,11666666,155,211230,329433846,2011-10-20
11122,10,12,18,26,27,31,03,280128023,7,7026731,142,149863,307852112,2011-10-18
11121,04,14,22,25,32,33,02,279660224,2,10000000,39,783201,342602202,2011-10-16
11120,04,14,17,28,30,33,07,228388853,11,5309612,107,47744,307300204,2011-10-13
11119,09,12,14,19,28,32,01,274874502,3,10000000,81,368865,310270074,2011-10-11
11118,05,06,11,14,20,21,10,235158912,6,7692874,163,148686,346558714,2011-10-09
11117,08,10,19,26,28,30,04,224765796,3,10000000,180,125558,284670324,2011-10-06
11116,01,07,11,12,17,27,05,202031320,20,5629502,135,139889,270660014,2011-10-04
11115,07,08,09,12,17,33,16,270556202,2,10000000,123,220636,306169962,2011-10-02
11114,01,14,15,16,30,32,09,227233590,6,6713165,75,205579,297745236,2011-09-29
11113,06,10,11,25,32,33,05,231536104,4,8965249,84,283232,301463604,2011-09-27
11112,03,05,16,18,23,24,15,211883612,4,10000000,194,172756,335373070,2011-09-25
11111,01,03,05,20,25,27,04,173682690,5,8307736,76,326421,301379048,2011-09-22
11110,12,14,21,26,28,33,12,157335982,1,10000000,46,572431,291747572,2011-09-20
11109,01,03,09,15,16,33,15,105894980,5,5000000,92,364237,319837948,2011-09-18
11108,02,17,22,26,29,33,10,52705268,4,5000000,72,254198,282794584,2011-09-15
11107,04,09,16,17,22,29,15,30000000,36,4981416,428,39730,287460888,2011-09-13
11106,02,11,12,14,24,32,14,139653840,5,5000000,118,238145,313930786,2011-09-11
11105,04,06,23,25,27,28,01,99084564,6,5000000,163,159989,292666602,2011-09-08
11104,09,10,16,20,25,29,09,68235192,24,5474058,193,88425,300386562,2011-09-06
11103,04,05,10,13,15,16,12,159791712,8,6857389,77,289463,334043508,2011-09-04
11102,01,05,13,21,27,31,11,162643920,12,5904141,116,140297,303886824,2011-09-01
11101,06,10,19,23,29,31,06,195519685,5,8187546,100,239065,295906364,2011-08-30
11100,07,11,21,23,31,32,05,180675360,5,8933494,138,213776,323046340,2011-08-28
11099,10,12,13,21,26,27,14,156506688,3,10000000,61,442666,287051218,2011-08-25
11098,03,07,20,21,22,32,05,123500432,2,5000000,51,525704,283485974,2011-08-23
11097,09,17,19,20,21,26,16,70941649,19,6047982,108,276551,323418670,2011-08-21
11096,01,04,07,13,14,19,15,116162472,4,5000000,106,250390,288032952,2011-08-18
11095,03,07,08,10,23,24,05,74232601,19,5762690,126,172513,293229282,2011-08-16
11094,09,11,12,17,18,19,05,133004802,14,5977783,124,165592,329858052,2011-08-14
11093,04,07,11,13,23,30,09,168782368,16,5714665,112,153142,300330150,2011-08-11
11092,05,10,17,26,31,32,04,220195756,4,9755247,107,266649,296160020,2011-08-09
11091,09,15,21,23,28,30,03,192643284,4,9469900,81,331103,330377834,2011-08-07
11090,02,05,14,18,21,25,16,167944280,2,10000000,76,358554,302158754,2011-08-04
11089,01,02,11,24,29,30,12,124360665,11,6333194,96,229142,299010020,2011-08-02
11088,03,09,17,20,21,29,04,142697808,8,7293508,154,178714,327675114,2011-07-31
11087,02,03,04,05,18,28,01,136827640,10,6784021,119,224876,296896504,2011-07-28
11086,06,07,09,12,17,24,09,142227111,113,5140840,110,217023,334074814,2011-07-26
11085,03,06,11,21,24,31,10,667439560,10,6706303,221,115812,371696466,2011-07-24
11084,09,10,12,16,18,32,15,674781990,5,8954854,68,436197,348473896,2011-07-21
11083,07,16,18,24,28,29,06,650346305,7,7466947,95,272662,346077740,2011-07-19
11082,07,16,17,20,25,26,04,642174720,16,6165379,179,156252,388800864,2011-07-17
11081,06,14,19,23,25,32,12,675559532,4,9466253,128,209355,347690264,2011-07-14
11080,02,07,09,25,31,32,09,650897000,10,7059178,77,401138,348447154,2011-07-12
11079,03,14,15,16,24,29,05,649417535,5,8972101,81,367787,391447400,2011-07-10
11078,03,05,13,20,22,29,09,624766272,13,6220044,101,235553,365761038,2011-07-07
11077,01,07,08,15,26,29,10,650114820,10,6846344,131,211413,366916974,2011-07-05
11076,06,19,21,26,32,33,13,653956218,1,10000000,96,338515,382839880,2011-07-03
11075,07,09,10,12,31,32,13,588128854,2,10000000,64,424849,343341640,2011-06-30
11074,02,21,26,28,29,32,01,544684626,6,8431330,29,1064895,344333482,2011-06-28
11073,03,04,05,12,17,21,14,523214664,7,8337482,127,275933,362922526,2011-06-26
11072,01,06,10,11,18,27,12,499808730,6,8651991,107,307176,313897806,2011-06-23
11071,01,02,15,22,28,30,02,475028862,3,10000000,57,503040,310534104,2011-06-21